id,subreddit.name,created_utc,body,score
hi1vsag,nova,1635206399,When you scheduled your booster with CVS does it just give you the option of Vaccines: COVID-19 (Vaccine brand) or does it specifically say booster,2
hi1vs7i,vancouver,1635206397,"Didn't stop prices there though. New Zealand and Canada grew at about the same rate through COVID. 

I agree that non-resident ownership should be stopped, but it's also probably not going to change anything.",32
hi1vs5n,pregnant,1635206397,"I‚Äôm just waiting until after pregnancy to get vaccinated. 
I have a special needs daughter due to having fever during pregnancy and I‚Äôm not willing to risk the vaccine fever right now.
I have strong antibodies from Covid that I had before I got pregnant. (I keep taking blood tests to check)
There‚Äôs a difference between anti vaccine and deciding to wait based on different factors",1
hi1vs5v,startrek,1635206397,"*The first duty of every Starfleet officer is to the truth. Whether it's scientific truth, or historical truth, or personal truth. It is the guiding principle upon which Starfleet is based. If you can't find it within yourself to stand up and tell the truth about what happened you don't deserve to wear that uniform.*

[Captain Jean-Luc Picard, ""The First Duty""](https://www.youtube.com/watch?v=xefh7W1nVo4)

Reddit admins have been [ineffectual in their response to COVID-19 misinformation](https://www.dailydot.com/debug/subreddits-private-protest-covid-disinformation-reddit/). In lieu of Reddit gold and awards, we ask that you donate to the [WHO COVID-19 response fund](https://www.who.int/emergencies/diseases/novel-coronavirus-2019/donate).

Please respect our [subreddit rules](https://www.reddit.com/r/startrek/wiki/guidelines). LLAP!

*I am a bot, and this action was performed automatically. Please [contact the moderators of this subreddit](/message/compose/?to=/r/startrek) if you have any questions or concerns.*",1
hi1vs0l,ontario,1635206395,"Compare BC to Ontario for COVID. It's even more striking how anti-mask, anti-vaccine that the NDP BC government is.",-2
hi1vrtk,entertainment,1635206393,"Sheeran didn't mention whether he was vaccinated in his post. But in July he joined James Corden for a segment on ""The Late Late Show with James Corden"" where the two changed the lyrics of Sheeran's hit song, ""Shape of You,"" with phrases about getting a Covid-19 vaccine.

""Modera or Pfizer will do, You'll be good after jab number two, but wait two weeks for it to take effect.""

https://www.cnn.com/2021/10/24/entertainment/ed-sheeran-covid-positive-trnd/index.html

Very likely he is vaccinated. Not an Ed Sheeran fan btw. I think his hits are irritating.",2
hi1vrsk,conspiracy,1635206392,"I see a lot of posts like this comparing the covid outrage to other more deadly things, but the reason those stats fail to hit home with people is because all of those other things don't spread person to person. That's the huge key that allows covid restrictions to have such impact- because people fear the interpersonal spread. 

Yes heart disease and hunger are also incredibly deadly, but people don't spread those to each other. That's why the government doesn't focus on them so much (at least that's what people will think, anyway). The fear of catching/spreading is what allows covid to be so powerful.",1
hi1vrnr,lockdownskepticism,1635206391,And think about how many people died over the last year and a half- whether from Covid or something else- and didn't get to enjoy their last months on earth.  That would actually be one of my worst fears.  Imagine having a heart attack or freak stroke in the middle of lockdowns and your last memories on earth were being isolated from everyone and everything you love.  That is why the older people in my family insisted on getting together for Thanksgiving and Christmas last year.  I was glad they did.,29
hi1vrpy,nova,1635206391,"Unfortunately they shut down during covid. I've been checking, but haven't seen any signs so thinking it's permanently closed.

Check Hill Country in DC as they sometimes do line dancing nights.",2
hi1vrou,antivaxxers,1635206391,"I don‚Äôt know anyone unvaccinated that has died from covid, I do know vaxxed people who have died from covid. It‚Äôs not a true statement at all in the sense of dying from covid. Bad try.",1
hi1vrg2,conspiracy,1635206388,BS. Not a fear campaign. Diversion campaign that uses fear. Sounds similar but there's a difference. And its coming to an end spring of 2022. Mqrk that one on your calendars folks. Also cue for another distraction using fear to distract you from the covid distraction. Don't you love how the corporate media works?,1
hi1vre5,torontoraptors,1635206387,Idk if they have it this season but you can go to client / guest services and ask for a certificate to commemorate the occasion. Pre COVID you can even order it through the app and it'll be delivered to your seat.,3
hi1vqzm,rvvtf,1635206382,"In terms of enrollment, I think there‚Äôs a fairly good chance we have 800 patients and are waiting on them to go through the 28 day follow up appointments. I‚Äôm honestly hoping to get a little more clarity on that subject in our next press release.

From a logistics perspective, there‚Äôs still COVID patients coming into these clinics and we‚Äôve got the new dosages packaged, so further delays would likely come from physically sending binders and materials to the participating clinics (shipping is a mess right now)",9
hi1vqy4,personalfinancecanada,1635206381,I got some crappy contract job making escape game rooms for three months just before covid started that had me sign to not join any other companies vaguely like it for 5 years. I'm happy with my current job but would have been nice to be able to use any of that experience at that time.,2
hi1vqh5,economy,1635206375,"Pretty sure the executive order was stated get vaccinated or institute a testing regimen for COVID. Companies are the ones taking the initiative to make the requirements more stringent. The EO also exempted small businesses, so not exactly dictator or Holocaust or insert hyperbolic historical reference here.",1
hi1vq9t,redscarepod,1635206372,Lol it‚Äôs kinda funny to use china as a point of comparison if you‚Äôre gonna complain about stringent and widespread anti-covid measures here in the states.,6
hi1vq39,korea,1635206370,"It's racist in that the article states they are specifically targeting foreigners. While it does make sense, given that people that ignore covid quarantine rules for Halloween are likely to be foreign, there will still be Koreans there that can be ignoring quarantine rules. The wording of the article is also xenophobic.",9
hi1vput,alberta,1635206367,"When it comes to Covid, they are living... with restrictions lol... After getting vaccinated in a bid to remove all restrictions and return to normal. How far away are those goalposts again?",0
hi1vpm3,beyondthebump,1635206364,"Any other kids I have is also gonna have no visitors after delivery, covid or not!!! It was the best with my baby!",1
hi1voyk,ukpolitics,1635206355,"It's the deadliest coronavirus we have faced, but not the deadliest virus. And the Spanish flu lasted 3 years without a vaccine. It's now part of the seasonal flu. People got back to normal after that as, as I've been saying for so long is that this won't last forever. It has changed things for now, but if people continue to bend over to the whim of the changes their governments enforce in stealth or under the guise of some bullshit, things will change massively forever, long after covid is a threat. And then when questions are asked, it will all be too late. 
And when vaccinated people can still transmit the virus, without the need for testing they can just scan their codes and off they go into a football ground. Can you tell me the logic that means passports will stop the spread? Or do anything to change the state we are in for that matter?",1
hi1vofp,antiwork,1635206348,"At one role I had, they had a strict policy of doesn't matter if whole day or not, if more than 8mins late for your shift, it's treated the same as if called off whole day, attendance wise. 

One time I was running a few minutes late as result of a bad accident on my commute. As the clock ticked close to the 8 minute mark, I decided to take the whole day when my manager told me it wouldn't make a difference. And there in I think is the point: if it doesn't make a difference to you, and I am punished the same regardless, then I'm gonna take the whole day. 

Thank goodness not the case with my current employer (covid working from home issue aside). It's one of the few companies I have ever worked for which truly feels like takes care of it's people. :)",2
hi1voeb,dankmemes,1635206348,"We KNOW it happened, but I think it's a text from pre-covid.  The latest Model is the ""Ass Blaster 9000-S Twister Fist"".  Or so a friend told me...",4
hi1vocw,subredditdrama,1635206347,"As an Australian I just wanna say that we *are* turning into a police state, but not because of Covid lol. There are heaps of surveillance laws and silencing of decent journalists and stuff going on over here. All this alt-right ""save Australia their covid laws are evil"" shit only serves to downplay the real issues going on.",6
hi1vo5j,conspiracy,1635206345,"Much thanks for the link.  I don't mean this in a smug way, but this report is overall extremely encouraging for the vaccine, though you certainly zeroed into the one stat which is unfavorable to the vaccine.

First off, I will gladly concede that the vaccine does not seem to be offering people long-term protection against getting COVID infection.  This report clearly shows that, and we've seen data from Ireland and Israel that confirms as well.  I know your instinct will be to dismiss this statement I'm about to make, but I encourage you to really think about it:

Even if a vaccine does not offer meaningful protection against contracting a disease does not mean it does not significantly reduce the spread of this disease.  Catching a disease and spreading it are two different things.

The spread and impact of a disease is a function of severity and duration of symptoms, which this report lays out very clearly:

# Hospital Admissions

|Age|Vax|Unvax|Delta|
|:-|:-|:-|:-|
|18-29|1.7|11.1|6.5x|
|30-39|2.1|17.4|8.2x|
|40-49|3.6|29.0|8x|
|50-59|5.8|40.7|7.1x|
|60-69|10.1|60.3|6.0x|
|70-79|18.8|78.3|4.2x|
|80+|37.4|112.9|3x|

&amp;#x200B;

# Death

|Age|Vax|Unvax|Delta|
|:-|:-|:-|:-|
|18-29|0.1|0.4|4x|
|30-39|0.2|1.3|6.5x|
|40-49|0.6|3.9|6.5x|
|50-59|1.3|11.8|9.1x|
|60-69|4.0|26.9|6.7x|
|70-79|10.5|56.9|5.4x|
|80+|40.8|129.4|3.2x|

# Transmission

A person is contagious when their viral load gets high - which is usually accompanied by symptoms.  Since unvaccinated people are clearly having more severe symptoms, and for longer, it's reasonable to assume that, on average, they are contributing *more* to the spread of the disease, which means that the vaccine is clearly reducing transmission.

The vaccine is not perfect, but like the initial polio vaccine - it's good enough for now.",0
hi1vnrr,simplychristina87,1635206340,She does not care about anyone but herself. The only way she would go get a COVID test is if she knew it was positive and would get her out of work.,1
hi1vnly,bakersfield,1635206338,Are they in denial they even have Covid?,1
hi1vnkf,hermancainaward,1635206337,"This is how the ""College brainwashes you into being a liberal"" thing was created.

People that spent their entire lives within a 20 miles radius of their podunk town - no new people, no new ideas, no new anything - assume that's just how it is everywhere.  They raise their kids that this is how things are.

Kid goes to college.  Meets new people, is exposed to new ideas.  Figures out that the people they grew up with are pretty much wrong about everything they think and feel.

Go home and try to expose those people to the world they learned about.  The people get angry.

I know this because this was my town.  This is what happened to people that left the town for one reason or another.

My town is 99.8% white and Christian according to the last census.  It has a population of 1,711 and has 6 churches. This is smack dab in Pennsyltucky, not the Bible Belt.

These people are racist despite them never being exposed to different races and xenophobic about religion despite them never being exposed to different religions.

I left there in 1995 and never went back.  Over the years, I have severed ties with every single person there, even family, because they just got further and further right.  especially after Obama was elected.

I didn't ""turn"" liberal.  I was always liberal.  It's just that being liberal while living there wasn't exactly safe.

EDIT:

*I was interested so I checked the COVID stats of my home area.*

*The county population is 143,695.  There are currently 15,069 reported cases of COVID.  Over 10% of the people there are currently, actively affected by COVID with a 52% vaccination rate.*

*And I am not the least bit shocked.*",29
hi1vmwh,ak47,1635206329,5K rounds doesn't wear out the recoil spring of an AK.  Up until COVID I shot about 5k rounds per year through my AKs.  My WASR I both got in 2008 easily has 50K rounds and it's still fine on the original spring.,3
hi1vmvn,baltimoreanddcr4r,1635206328,"**Please follow your local State/County/Town COVID-19 safety requirements in order to remain safe.**
[Google Search - COVID-19 Vaccine near me](https://www.google.com/maps/search/covid+vaccine+near+me)

**Many counties currently have a 7-day average of MORE THAN 5 new cases per 100k people, and it is RISING!**

======================

**All posts on /r/BaltimoreAndDCr4r are locked.** 
======================

Posts are locked because personal ads are not discussion topics, and /r/BaltimoreAndDCr4r is not a discussion forum.

If the post does not apply to you, please move on. 

Appropriate responses should be PMed to OP directly. Here's a convenient link for mobile users: [PM LexiconAngel](https://www.reddit.com/message/compose?to=/u/LexiconAngel).

Locking the post does not affect its visibility or ranking in any way, it is simply to prevent comments which are not appropriate.

If there is an issue with this post and it breaks the rules, please use the report button AND message the Moderators.

*I am a bot, and this action was performed automatically. Please [contact the moderators of this subreddit](/message/compose/?to=/r/BaltimoreAndDCr4r) if you have any questions or concerns.*",1
hi1vmuy,beyondthebump,1635206328,Mine allowed until covid hit. And it sucks. A year and a half later and they still haven‚Äôt changed it back :/,1
hi1vmhv,australia,1635206323,"Germany was the first country out if the great depression and the majority followed Hitler for the promise of safer and better life. I get that but covid was like the 38th killer, and no where near the.top for potential life lost. 
And what part of the country almost was over full? I didn't see any videos of people struggling to get it? We havent eveb had a patient per hospital in Vic I think? With 300 hospitals in Vic

Ultimately they're is many ways to stay safe.from this disease that does basically nothing if your under 80 and half healthy. So either get half healthy or take th3 vaccine.",1
hi1vlx9,watercoolerwednesday,1635206315,"Covid got nagy, then Joe Barry, then davante adams

It's comin from Kurt Cuzins",5
hi1vle5,madisonwi,1635206308,"You should consider reading that study yourself.  It doesn't say _anything_ about cloth mask mandates.  It specifically calls out the fact that it wasn't designed to measure anything relating to mandates: ¬ß5 ""Our results should not be taken to imply that masks [are minimally effective] ... The total impact with near-universal masking -- perhaps achievable with alternative strategies or stricter enforcement -- may be several times larger [than what the study observed]""

What the study was designed to determine was whether wearing masks had an impact at all in reducing symptomatic seroprevalence -- that is, whether less people were exhibiting symptoms of covid; and where possible actually checking whether they _had_ covid.  They determined that yes, masks were effective; and surgical masks were more effective than cloth masks.  Which is different from ""cloth mask mandates are useless"".

They went further and added ""Because the study was powered to detect differences in symptomatic seroprevalence, we cannot
distinguish whether masks work by making symptoms less severe (through a reduced viral load at transmission) or by reducing new infections.""

They were very specific about what they were and weren't studying.  The article you linked from Nature was less specific.  Your summary is completely mischaracterizing the study you're trying to use as evidence for your position.",1
hi1vksd,publicfreakout,1635206299,"The dude with the microphone Avi Yemini is one of biggest pieces of shit in Australia with his constant anti-covid, anti-climate change ideals &amp; victim mentality. Such a fuckwit",2
hi1vklo,nasikatok,1635206297,"# Commemorative stamps mark Brunei ASEAN Chairmanship

^(October 26, 2021)





Lyna Mohamad




The Brunei Postal Services Department (BPSD) will begin the sale of first day cover (FDC) and commemorative stamps marking Brunei Darussalam‚Äôs ASEAN Chairmanship for 2021, today.




The stamps feature the ASEAN Summit 2021. This year marks the fifth Brunei chairmanship of ASEAN, after 1989, 1995, 2001 and 2013.




The stamps are available at the Stamp Gallery, Main Post Office in the capital as well as its Gadong, Seri Complex, Muara, Sengkurong, Lumut, Mumong Kuala Belait, Seria, Tutong and Bangar post offices.




The commemorative stamps and FDC were designed by Hajah Siti Zaleha binti Haji Kaprawi.




Measuring 40mm x 40mm, the stamps are printed using offset lithography 300 Llines per inch on a 110gsm convert gummed stamp paper and are numbered from 00001 to 25000.




The miniature sheet are numbered 001 ‚Äì 300 and is on limited print with text prepared by the Ministry of Foreign Affairs.




Sale of the stamps will be open from 8am to 1pm, and in light of the current COVID-19 situation in the country.




The BPSD has taken measures to ensure social distancing and contactless services.




The public can make advance booking through the postal branches or on the website.




***
^([ )[^(Give feedback)](https://www.reddit.com/message/compose?to=brunei_news_bot)
                                ^( | )[^(Code)](https://github.com/dsychin/RedditBruneiNewsBot)
                                ^( | )[^(Changelog)](https://github.com/dsychin/RedditBruneiNewsBot/releases)
                                ^( ] v0.5.0)",1
hi1vk7n,delta,1635206291,"This happened to me on a flight during Covid when they were restricting seats. Bumped up at the gate with the paper slip, sat down and then the gate agent at the airport came onto the plane and told me she made a mistake and I had to move back. I got free beer out of it",2
hi1vjyo,antiwork,1635206288,Can I come love with you? I can do Covid testing for free and take up very little space.,11
hi1vjjz,changemyview,1635206283,"Well, an internal report from Facebook was released saying that they aren't censoring a considerable percentage of misinformation, so yes they should censor more. And yes it is necessary that they censor misinformation because some of it can cause real damage on the world, such as the Brazilian president claiming that covid vaccines give people aids, who do you want to monitor that, the government? when the government was the one that said dumb shit in the first place",1
hi1vjjl,hermancainaward,1635206282,"Cool, but your countries government is largely responsible for the stupid horse paste cure for covid lies üòü do better bro.",-1
hi1vja2,watchpeopledieinside,1635206279,Does the alcohol kill covid?,0
hi1vifh,news,1635206267,"Have you considered the bullshit voter suppression laws he‚Äôs passed since then? I hope to who-the-fuck-ever that Florida goes blue, but it‚Äôll be a cold day in a covid-denier packed hell when that happens.",7
hi1viac,funny,1635206266,"


A message to all users: Please be aware that spreading misinformation regarding COVID-19, vaccines, or other treatments can result in content being removed and/or a ban. Content advocating for or celebrating the death of anyone, or hoping someone gets COVID-19 (or any disease) can result in a ban as well. Please follow [Reddiquette](https://www.reddithelp.com/hc/en-us/articles/205926439). If you see content violating these policies, please use the report button and do not feed the trolls.


[Reddit's Content Policy](https://www.redditinc.com/policies/content-policy) 

[Reddit's stance on misinformation](https://www.reddit.com/r/announcements/comments/pbmy5y/debate_dissent_and_protest_on_reddit)

[/r/Funny's rules](https://www.reddit.com/r/funny/wiki/rules) 

We also encourage you to read these helpful resources on COVID-19, vaccines, and treatments:

[COVID Dashboard](https://covid19.who.int/)

[Reddit's Vaccine FAQ](https://www.reddit.com/r/Coronavirus/wiki/faq#wiki_where_can_i_find_information_about_the_mechanism_and_progress_of_vaccines.3F)

[Ivermectin FAQ](https://www.who.int/news-room/feature-stories/detail/who-advises-that-ivermectin-only-be-used-to-treat-covid-19-within-clinical-trials)

------


*I am a bot, and this action was performed automatically. Please [contact the moderators of this subreddit](/message/compose/?to=/r/funny) if you have any questions or concerns.*",1
hi1vi1x,ottawa,1635206263,"remember covid has affected everyone and now everything else that we need.
When I got my rims I got steels at Walmart 
and I bought my tires at maggs garage on leitrim road it cost about 1000.00in total",1
hi1vhos,conspiracy,1635206258,"&gt; When did I ever say they spread the virus?

You didn't, because you'd prefer not to think about the suffering caused by your fight against inconvenience. 

&gt;  if people don‚Äôt want to take it, they shouldn‚Äôt have to.

People's right to keep COVID out of their lungs and brains should come first. Nobody cares about the screaming infants who can't handle a needle.

Especially not when many of them would vote to force rape victims to give birth. And for more drone strikes. And torture. And kidnapping refugee children from their families. 

They only seem to care about freedom when it's their freedom to hurt others.

Nobody's fooled who doesn't want to be. 

&gt; because it makes them richer

You're naive if you think the people selling you alternative forms of treatment aren't greedy as hell too.

Also, if greed was the only motivation for vaccines? Why be upfront about the vaccine's limitations? People want easy answers. And they'll pay handsomely for them, especially when they should know better.",-2
hi1vhew,spacs,1635206254,"I was in HGEN for months, and the EUA took about 4months to get a ""more safety data"" response alongside a 60% drop.

Be careful on Covid EUAs. Especially as its been so long.",3
hi1vh5x,antiwork,1635206251,"And give justification for either (legally) rightful termination at best or criminal charges at worst? Bad idea. 


I mean I agree with the sentiment, but being careful and recording as much as you can *legally* is going to give you a leg up if you pursue legal action for wrongful termination. Yes, at-will employers can terminate for pretty much any reason, but if they don't have a legit reason, you can fight and at the very least pressure them into a generous ""severance"" with the help of savvy counsel, especially if it's a health and safety issue they retaliate against you on, like COVID mandates. 

Even in a state as anti-labor as NC, it's not hard to go after an employer for wrongful termination if you play your cards right. One of those cards is documenting in a way that will be legally admissible in court without putting you in hot water. As shitty as it is you have to play the game to come out on top.",1
hi1vh0b,fednews,1635206249,"Honestly, with Covid and working from home, networking has become particularly hard for everyone over the past two years.",38
hi1vgrt,watchpeopledieinside,1635206246,Please tell me they aren‚Äôt still doing this during Covid ..cuz.. God.,3
hi1vgm1,politicalcompassmemes,1635206244,polio cripples you for life covid is little more infective flu,2
hi1vglh,neoliberal,1635206244,"Excess deaths could be other stuff falling apart, russia had problems long before covid, excess deaths works well in say the US (after accounting for reduced car crashes and stuff) but not russia.


Nearly 100% infection rate is possible, russia has taken a ""lah lah lah not a problem"" approach to the pandemic, they have systemic suppression of anti regime information.",2
hi1vgi3,hermancainaward,1635206243,"Never forget [millions are missing from data because the states you expect don‚Äôt report, don‚Äôt report.](https://www.npr.org/2021/09/01/1032885251/millions-of-people-are-missing-from-cdc-covid-data-as-states-fail-to-report-case)

Add in those with non-covid conditions like heart attacks or strokes, accidents and people unable to get transplants because the system is paralyzed dealing with antivaxxers, their deaths are on Covid as well‚Ä¶impossible to estimate but yeah. Well, well over a million.",22
hi1vgj7,babybumps,1635206243,"This idea looks like I winner to me! I would absolutely not be comfortable hosting any sort of gathering for baby to be present due to COVID. Even if restrictions allow it and cases are low, it is not worth the risk to my household. Plus, RSV cases have been terrible in my area recently, with children getting pretty ill. I guess my tolerance level for household risk is extremely low. However, I have a child with PICU history for upper respiratory illness as well.",1
hi1vgff,askaliberal,1635206241,"They actually don't get silenced, they decide if whether they wish to continue saying offensive things knowing they offended the public writ large.

All the talk of someone getting ""silenced"" is literally propagated by public figures with vile opinions. And by result should be discarded like immediately. Like, how hard is it to not compare COVID deniers and being conservative and unable to say offensive things to being like living in the holocaust? How do you not expect to piss millions of people off saying that?

Such a determination really shows how some people simply live in a bubble existence and feel threatened having to figure out where the lines are in what you can and can't say about groups of people.

And to respond with ""HOW CAN YOU POSSIBLY AFFECT MY MONEY"" when they live off public goodwill for their products and services is an insult. Respecting people isn't that difficult.

With that said, it's not like they can't earn money or have their whole lives get boycotted, they just can't go on TV without people turning the channel off, you can live a whole life otherwise not appearing on TV, and believe me, once it's over for you, someone will replace you anyway.",1
hi1vg9k,conservative,1635206240,I‚Äôm not changing the subject.  COVID vaccinations by Biden/OSHA mandate doesn‚Äôt make the work place any safer period.,3
hi1vfsk,hermancainaward,1635206233,"They've always got a way to shut down the conversation.  When they're not infected, COVID isn't a real danger and you're fear-mongering if you talk about the vaccines. When they're sick, it's too late to talk about vaccines. When they're dead, you're being disrespectful if you talk about vaccines.

They've got all the opportunities locked down behind excuses why you can never talk about it.",3
hi1vfnp,libertarian,1635206232,Isn‚Äôt that what the CDC did during Covid?,0
hi1vfa0,smallbusiness,1635206227,"I'm not taking out frustration on you, I'm explaining why people don't bother with accountants.

You cost a LOT of money, as mentioned, you don't add value even when we do pony up all that money AND I still find mistakes and commissions.  

My accountant in 2020, who is no longer my accountant for this reason, actually had to ask me this question: ""Was your business affected by COVID?""  I live in a place that was hard locked down for 4 months.  I asked him if he was seriously asking me that or if he was reading off a page just to check a box of some kind, to which he responded ""How should I know?""

It sounds arrogant, but apparently I know more than every accountant I hire because whenever I ask them a question on something they've done, they then go back, undo what they did, and do what I asked because that ways better.  It makes me seriously question how these people became CPA's or what's being taught in CPA school, because when I'm finding tens of thousands in deductions that they're blowing over, it really makes me question why they exist at all.  Based on my experience? The profession exists so if there is a mistake, it's the CPA's fault and not mine.  I'd rather just pay $200/year for tax return insurance to an insurance company and then just shoot from the hip and do my taxes in 20 mins/year since the accountants are missing so much.",1
hi1vfb1,anormaldayinrussia,1635206227,"I am. Thank you :)

Long long story, but my city was exposed. My parents knew before hand, so I drank a lot of iodine (mixed with water of course). Many people died, children too. Too many funerals.

I am at a high risk for thyroid cancer, but before that, possible hormonal issues. It has been 30 years, and I was always told I have to be vigilant when I get older.

I am lucky to live in Canada. Since I was a teenager really.

My health care is free, and my doctor is Russian.  I really do not have to elaborate, she does the necessary tests.  Lately though I have been having issues, and since it's still COVID I haven't seen her in person.

Still, I have a phone appointment, and I guess we will take it from there.",1
hi1vewv,newzealand,1635206222,"lol, Clutching at straws.  See mRNA vaccines do exist prior to covid :).  **I'm correct, you are incorrect** 

If you wanna wait for Astrazeneca or the Jansen (viral vectors - old school vaccines) go for it, i don't really mind. 

Are you just a little scared? (that's ok). Or is you opinion based on something besides fear? (if so, better get publishing your research before its too late! lol) 

Heres a link to a paper from 2008, https://www.ncbi.nlm.nih.gov/pmc/articles/PMC2730064/

&gt;We predict that the development of virtually all vaccines licensed from this point forward will involve some form of genetic engineering......With the arrival of many new biologic agents and vaccines, as well as the future role of genomics, the traditional model of medical coverage may need to evolve.",1
hi1verl,politics,1635206220,"Once my kid can get the vax.... I'm gonna have a *really* tough time giving a damn about anti-vax types.

I really don't like what COVID has done to my empathy....",1
hi1veq8,nyc,1635206219,Im sorry to hear that. But If the vaccine wasnt able to help then what else can you do? Using anecdotal evidence Im vaccinated but Im pretty sure i had covid last week and now Im recovering and more or less okay. It depends on each person and on a lot of things.,-1
hi1veiy,coronavirusdownunder,1635206217,Who else was doing the worlds longest lockdown to try for covid zero?,1
hi1veea,babybumpscanada,1635206215,"Yeah, imagine a friend of mine went to New York and he told us he was the only one walking around with a mask. No one really cares, which is why Covid is so inflamed in Florida etc. we‚Äôre at least lucky that we have control &amp; don‚Äôt need booster shots unless we‚Äôre clinically Ill",1
hi1veaa,dancingwiththestars,1635206214,"Ok well first of all, dancing with other people isn‚Äôt allowed. Dwts asked Derek to perform with his Vegas cast because they are in their own bubble (because they like to pretend to care about COVID). Anyways, a lot of dancers who are together, tend to dance together. Daniella and Pasha, Val and Jenna, Emma and Sasha (if they are still together), Maks and Peta, Allison and Twitch. The chmerkovskiy family goes on tour together, they don‚Äôt do the dwts tours because they‚Äôd rather do a family tour. Couples do things together unless they prefer not to. All those past performances, Derek wasn‚Äôt in a relationship with a fellow dancer. And honestly it‚Äôs only been the past two years that Derek and Hayley actually started dancing together and branding themselves as a dancing couple, which is also the pandemic years. Is Hayley the best dancer ever? No, could she benefit from some classes? Yeah. But she‚Äôs not a terrible dancer and she certainly hasn‚Äôt done anything wrong that would personally offend anyone.",3
hi1ve9p,britishproblems,1635206213,"I just took the rest of the week off, it feels like since COVID began I haven't taken any time off, and I haven't. Until now.",1
hi1ve57,whitepeopletwitter,1635206212,He was there way before Covid. Anyone who is buddies with Alex Jones is super sus.,5
hi1ve1q,thebachelor,1635206210,"It feels like it must be impossible to overstate what a crash it ends up being for the Bachelor/ette and their F1 going from the sugar high of the show and the planned dates and the fantasy suites to regular ordinary life, ESPECIALLY if you don‚Äôt live near each other. Then add to that the border crossing issue because of COVID and I think this one probably shouldn‚Äôt have been a surprise (although it was surprisingly quick). They seemed to have similar energy levels/vibes but I almost wonder if their laid-backness made it hard for them to muster up the effort to keep the thing going post-show (or to fake it for awhile longer to give the thing a little more shelf life- not that I think that‚Äôs a healthy thing to do but I think people definitely do it.)

It‚Äôs really a terrible way to pick a spouse, lol. Ah well, we all carry on.",37
hi1vds8,navy,1635206207,"To elaborate a bit (cause you're entirely right about the equipment), the German military pioneered advances in radio communication and distributed command long before other European powers.  In the wake of the Franco-Prussian war, the Prussian military knew the future was going the direction of rapid mobilisation, and they took great strides in developing modern logistics which helped them dominate the first months of WW1.  Those lessons weren't forgotten after the war.  It's not that German commanders attacked fast, it's that they knew how to move the entire force rapidly and efficiently.  Once any part of that superb network broke down though...

To bring it back to the topic at hand, the American military hasn't been focused on a hot war in decades and I'm skeptical that our logistics chains could take the stress of a such a conflict.  I mean just look how much the private shipping sector is still struggling to recover from Covid.  Now I'm not sure China is much better off in this regard, and they certainly don't have the institutional knowledge that we do.  If God forbid a war were ever to break out, I'm sure it would be decided by who could get their shit to the other side of the Pacific faster.",2
hi1vdiq,lockdownskepticism,1635206204,It‚Äôs been renamed.. the death numbers of Covid are probably 1/2 to 1/4 the real numbers ( down here we caught them saying motorcycle accidents were Covid deaths ( lots of $$$ floating around for that determination),3
hi1vde0,exchristian,1635206202,"Hey again.

Might look into the app maybe. I dunno. I have been on meds for years and we were trying to change them this summer to see if we could get something more effective, but the process went so badly and when I ended up in the ER one day the place seemed to be slammed due to covid, so I decided not to mess with meds anymore until the pandemic lets up (hopefully it will sometime soon somehow). 

Meanwhile finding treatment has been even worse. I've done exposure therapy twice for the religious OCD and it failed both times. I almost wonder if the religious *trauma* part of it complicates the use of ERP for it. Maybe it's just too severe to be treated that way. I don't know.

I've yet to meet anyone who understands both OCD **and** Religious Trauma, and if they're out there I imagine they won't accept my insurance.

To be totally honest, I think I've lost hope. I really don't know what to do next.

Even beyond christianity, my disorder insists that when I die I'll meet the creator of all things, who I've pissed off, and said creator will do everything in its power to make my eternal afterlife even worse than hell. ""Why would you hate or oppose that which maintains reality itself, are you insane?"" That's the general thought.

But I mean, what if there really is *nothing out there*? What a fucking waste to live so scared. I wasted many years in the past as a result of that, I'm still wasting time and energy even now worried about such things.

One tiny example, I still feel genuine fear about downloading music illegally. 

Sure it's a mixed thing in terms of morality, it's up for debate, but I really wish the fear of supernatural and possibly eternal punishment wasn't a fucking factor.

If I decide that AC/DC isn't going to miss the amount of money I'm losing them by illegally downloading a song from them, then that should be that. Because there's no god or anything similar to be afraid of, and if I get hit by a bus tomorrow I'll just stop existing.

Unfortunately I don't know that for a fact. Therein lies the suffering.",1
hi1vcuh,politicalhumor,1635206195,"You're a Trump dick sucking, covid denier. So yes, you are probably beyond help",2
hi1vcod,cults,1635206193,"What about the cult of COVID? The masks, the social distancing and isolation, and now the poisonous shots, are all part of a cult initiation ritual.   Didn't you know this world is ruled over by a Luciferian cult?",-3
hi1vbo5,anarcho_capitalism,1635206179,"https://www.cdc.gov/vaccines/covid-19/clinical-considerations/covid-19-vaccines-us.html#:~:text=People%20with%20immunocompromising%20conditions%20or,administered%20to%20immunocompromised%20people.


Stop being anti science. They have to take the vaccine like everyone else because the government says they can.

Refusal to do so can put the whole world at risk. And that‚Äôs selfish.",1
hi1vbdu,covidmx,1635206175,"Octubre 25, 2021

M√©xico ha aplicado 115 millones 185 mil 985 dosis de vacunas contra el COVID-19, de acuerdo con cifras de la Secretar√≠a de Salud actualizadas hasta el 24 de octubre.

[As√≠ va la vacunaci√≥n COVID por entidad. (Secretar√≠a de Salud). ](https://i.imgur.com/UL2TRFC.jpg)

Seg√∫n la dependencia, 69 millones 974 mil 180 personas mayores de 18 a√±os en el pa√≠s ha recibido al menos una dosis de dichas vacunas, lo que equivale al 78 por ciento de la poblaci√≥n.

Espec√≠ficamente, 53 millones 487 mil 503 mexicanos cuentan con un esquema de vacunaci√≥n completo (76 por ciento del total del personas inoculadas). En tanto que a 16 millones 486 mil 677 personas se les ha aplicado un esquema nuevo (24 por ciento del total del personas inoculadas).

**La Secretar√≠a de Salud toma como poblaci√≥n de 18 a√±os o m√°s un total de 89 millones 484 mil 507 personas, basada en una proyecci√≥n de poblaci√≥n a mitad de a√±o 2021 del Consejo Nacional de Poblaci√≥n (Conapo)**. Por lo que 19 millones 510 mil 327 adultos faltan de recibir al menos una dosis de vacunas COVID.

El presidente Andr√©s Manuel L√≥pez Obrador ha expresado en reiteradas ocasiones el compromiso de su gobierno para que en octubre de este a√±o todos los adultos mexicanos cuenten por lo menos con una dosis de vacunas contra el COVID-19.

En cuanto a entidades, la Ciudad de M√©xico es la que cuenta con la mayor cobertura de vacunaci√≥n en el pa√≠s, al tener inoculada con al menos una dosis al 97 por ciento de su poblaci√≥n mayor de edad.

Quintana Roo, con 95 por ciento, y Quer√©taro, con 92 por ciento, son las entidades que siguen en cuanto a cobertura de vacunaci√≥n COVID.

Los estados que cuentan con al menor 80 por ciento de su poblaci√≥n inoculada con una dosis son: Aguascalientes (80 por ciento), Baja California (82 por ciento), Baja California Sur (82 por ciento), Chihuahua (82 por ciento), Durango (80 por ciento), San Luis Potos√≠ (89 por ciento), Sinaloa (87 por ciento), Tamaulipas (83 por ciento), Tlaxcala (82 por ciento), Yucat√°n (86 por ciento) y Zacatecas (83 por ciento).

Por otra parte, la entidad con una menor cobertura de vacunaci√≥n es Chiapas, con 52 por ciento. Le siguen Guerrero, con 63 por ciento; Oaxaca, con 65 por ciento; Puebla, con 67 por ciento; Veracruz, con 68 por ciento, y Michoac√°n, con 69 por ciento. Todas, por abajo del 70 por ciento de poblaci√≥n vacunada con al menos una dosis.

El caso de Chiapas se ha atribuido a la desconfianza de la poblaci√≥n ind√≠gena hacia la vacunaci√≥n y a que muchas comunidades se encuentran alejadas de centros urbanos donde hay una mayor inmunizaci√≥n.

‚Äî-",1
hi1vb6c,conspiracy,1635206172,"&gt;Uh...what? Clinical trials are EXACTLY how we determine when the virus begins to lose effectiveness.

That's not what I meant. Efficacy was measured to be around 95%. Clinical trials don't last 6 months hence why that's impossible.

Wonder how this went from being untested to this? Almost like you don't have a clue what you're talking about.

&gt;Of course you will, you chose an unnatural short lasting mechanism to defend you from COVID.

It doesn't matter how you get immunity. Why would I need a booster after covid is under control considering my chances of hipsitalistion is incredibly low? You're not making sense here.",1
hi1vb3z,nursing,1635206171,"I heard nurses get bonuses for getting the most vaccinations, along with the hospital getting kickbacks from the government for every covid death.

Edit: FYI this I heard from a patient‚Äôs spouse on the phone at work as I rolled my eyes",6
hi1vas1,careerguidance,1635206167,You could say ‚ÄúI possibly had  covid exposure‚Äù most likely not a lie if you‚Äôve gone to the grocery etc.,1
hi1vag7,sleepycabin,1635206163,Put me in coach. Pump me full of covid so I can die for the greater good. Yeah if more people thought like that there'd probably be less disease and a whole lot less animal testing.,5
hi1vadb,pregnant,1635206162,"Until recently, there was no guidance on how long to wait for booster for people who got moderna but this just came out on 10/21. It's 6 months for both Pfizer and moderna 

https://www.cdc.gov/media/releases/2021/p1021-covid-booster.html

Edit - Also, some people wait til 3rd tri so the baby will have the antibodies longer, but I wouldn't recommend that. It would be more beneficial to be protected immediately against delta while pregnant imo. Also if ur planning to breastfeed it doesn't matter the baby will be getting your immunities as long as you're breastfeeding.",5
hi1va5p,pslf,1635206159,"I have 169 payments on a hopefully soon to be consolidated FFEL loan, all of which should now count and put me well past done with payments. I intend to ask for forbearance if this does indeed go past the January COVID forbearance. I would rather not pay another dime on these loans. I plan to submit my ECF and indicate I believe I qualify for PSLF as soon as the consolidation goes through.",2
hi1va1b,vancouver,1635206158,"As much as I appreciate the advice and would be comfortable to could cook for them, we can't really have people in the house due to covid lol.",0
hi1v9z5,oddlyterrifying,1635206157,Its use as a treatment for DNA viruses was what prompted the clinical studies for Ivermectin as a treatment for covid.,7
hi1v9va,nasikatok,1635206155,"# First dose vaccine walk-ins restart today after dip in attendance

^(October 26, 2021)





James Kon




As the number of attendances at vaccination centres throughout the country has declined, the Ministry of Health has opened up the administration of first doses of the COVID-19 vaccine via walk-in starting today. The announcement was made by Minister of Health Dato Seri Setia Dr Haji Mohd Isham bin Haji Jaafar atthe daily press conference.




The first dose of COVID-19 vaccine via walk-in is available in all vaccination centres, said the minister.




Individuals wanting to get vaccinated can bring their identity card or passport, and Bru-Hims card, if available. The minister also advised the public to bring a pen and an umbrella as well as enough water. The minister reminded the public to wear a face mask and observe physical distancing at all times.




***
^([ )[^(Give feedback)](https://www.reddit.com/message/compose?to=brunei_news_bot)
                                ^( | )[^(Code)](https://github.com/dsychin/RedditBruneiNewsBot)
                                ^( | )[^(Changelog)](https://github.com/dsychin/RedditBruneiNewsBot/releases)
                                ^( ] v0.5.0)",1
hi1v8hv,90dayfiance,1635206138,Also thought covid was caused by 5G towers. Not the brightest crayon in the box.,1
hi1v8if,pitt,1635206138,"I personally haven‚Äôt taken one of her classes, but I know she teaches upper level classes like Human Physiology. I would think that her lectures can‚Äôt possibly be worse than Brouwer‚Äôs. I have no clue if the tests are standardized in the Bio department or if they depend on the professor, but Brouwer‚Äôs tests were all MC scantron pre-covid.",2
hi1v8gk,fragilecommunism,1635206137,"again, you still haven't disproved any of what i said.  granted your claim that it did originate from china and the data that shows natural origin, covid is still much more contagious and harder to contain than nepha.  i have data, you don't.  end of story, prick.",1
hi1v8bj,conspiracy,1635206136,What deaths listed by the dark blue line? The covid vaccine didn't come out until the end of that year?,4
hi1v83t,lyftdrivers,1635206133,"HIPAA Doesn't stop them from putting in their notes, or even Lyft carrying over notes like that.  It has nothing to do with HIPAA.  HIPAA just means that their doctor can't release that information to an outside source.

They had to have told lyft themselves that they were covid positive.  That is nothing to do with HIPAA.  At all.  Period.",2
hi1v6wj,lostgeneration,1635206117,"Not surprised at all.  I‚Äôve seen stories about people receiving state covid recovery money that no longer live in the state.  They just own some property with zero employees.  The PPP stuff and other things like it were designed by grifters for grifters.

As far as the Boomers, this book is straight to the point: A Generation of Sociopaths https://smile.amazon.com/dp/031639579X/",6
hi1v6ov,romania,1635206114,"ai covid bro, da-i cu palinca sa dezinfectezi gatul si totodata si sa verifici periodic daca mai ai gust si miros.",3
hi1v6p5,melbourne,1635206114,I find it weird that anti-vaxers think their body is robust enough to fight off Covid but in the same breath think that they are going to roll over and die from a vaccine that almost 50% of the world has had one dose of.,80
hi1v6mc,nostupidquestions,1635206113,"Hello /u/Lucifuture! Thanks for your submission to /r/NoStupidQuestions! However, the automoderator thinks you're asking a question about Covid-19 or the responses to it (like vaccines, masks, lockdowns and stimulus checks) and so has removed it (sorry!). 

**Questions about Covid-19 are not banned here**, but we have been getting *so* many questions about it and related topics that our users get tired of seeing them. We've created a monthly megathread where you can post questions like this instead! Check it out - questions posted there get answered regularly, and your question might already be answered there! If not, feel free to post questions there as long as you follow the rules.

[October 2021 Covid Megathread](https://www.reddit.com/r/NoStupidQuestions/comments/pz02xi/october_2021_covid19_pandemic_megathread/)

[All Covid Megathreads](https://www.reddit.com/r/NoStupidQuestions/search/?q=flair%3A%22Covid-19+megathread%22&amp;sort=new&amp;restrict_sr=on&amp;t=all)

This is an automated message. If you think your question has nothing to do with the pandemic, then send the mods a message through modmail and we'll take a look at it.

##Circumventing this filter will result in a ban.

*I am a bot, and this action was performed automatically. Please [contact the moderators of this subreddit](/message/compose/?to=/r/NoStupidQuestions) if you have any questions or concerns.*",1
hi1v6jm,baltimoreanddcr4r,1635206112,"**Please follow your local State/County/Town COVID-19 safety requirements in order to remain safe.**
[Google Search - COVID-19 Vaccine near me](https://www.google.com/maps/search/covid+vaccine+near+me)

**Many counties currently have a 7-day average of MORE THAN 5 new cases per 100k people, and it is RISING!**

======================

**All posts on /r/BaltimoreAndDCr4r are locked.** 
======================

Posts are locked because personal ads are not discussion topics, and /r/BaltimoreAndDCr4r is not a discussion forum.

If the post does not apply to you, please move on. 

Appropriate responses should be PMed to OP directly. Here's a convenient link for mobile users: [PM bi-focal](https://www.reddit.com/message/compose?to=/u/bi-focal).

Locking the post does not affect its visibility or ranking in any way, it is simply to prevent comments which are not appropriate.

If there is an issue with this post and it breaks the rules, please use the report button AND message the Moderators.

*I am a bot, and this action was performed automatically. Please [contact the moderators of this subreddit](/message/compose/?to=/r/BaltimoreAndDCr4r) if you have any questions or concerns.*",1
hi1v6do,conspiracy,1635206110,"I think the original comments were deleted, but you can check out the below links which discuss the incident in greater detail, including the claims from family members that she is ok, along with some screen shots.

https://www.skepticalraptor.com/skepticalraptorblog.php/tiffany-dover-nurse-harassed-after-fainting-following-covid-19-vaccine/

https://www.thedailybeast.com/anti-vaxxers-wont-stop-harassing-tiffany-dover-nurse-theyre-convinced-is-dead-after-covid-shot",5
hi1v618,auckland,1635206106,"In this instance I'm not so sure, the covid Karens tend to be the ones at the beach by themselves wearing a brightly coloured mask to protect them from wild covid winds.",1
hi1v5rm,funny,1635206102,"


A message to all users: Please be aware that spreading misinformation regarding COVID-19, vaccines, or other treatments can result in content being removed and/or a ban. Content advocating for or celebrating the death of anyone, or hoping someone gets COVID-19 (or any disease) can result in a ban as well. Please follow [Reddiquette](https://www.reddithelp.com/hc/en-us/articles/205926439). If you see content violating these policies, please use the report button and do not feed the trolls.


[Reddit's Content Policy](https://www.redditinc.com/policies/content-policy) 

[Reddit's stance on misinformation](https://www.reddit.com/r/announcements/comments/pbmy5y/debate_dissent_and_protest_on_reddit)

[/r/Funny's rules](https://www.reddit.com/r/funny/wiki/rules) 

We also encourage you to read these helpful resources on COVID-19, vaccines, and treatments:

[COVID Dashboard](https://covid19.who.int/)

[Reddit's Vaccine FAQ](https://www.reddit.com/r/Coronavirus/wiki/faq#wiki_where_can_i_find_information_about_the_mechanism_and_progress_of_vaccines.3F)

[Ivermectin FAQ](https://www.who.int/news-room/feature-stories/detail/who-advises-that-ivermectin-only-be-used-to-treat-covid-19-within-clinical-trials)

------


*I am a bot, and this action was performed automatically. Please [contact the moderators of this subreddit](/message/compose/?to=/r/funny) if you have any questions or concerns.*",1
hi1v5h4,dc_cinematic,1635206099,Blame Covid. Manta has to be in AM2 so any pre-AM2 backstory had to be moved into it.,1
hi1v572,explainlikeimfive,1635206095,"&gt; Because covid has made the supply of many things become scarce while the demand has stayed relatively the same

this doesn't obviously apply to gasoline - seemingly civilization not driving for a couple of months would produce a glut of gasoline supply. did this not occur?",1
hi1v56p,facepalm,1635206095,"Well, first thing is I‚Äôm an RN. But I also have pretty severe COPD, so I thought I was having a flare up. What cemented it for me was losing my sense of smell. I knew then I had Covid. My symptoms up until that point were really just exhaustion, shortness of breath, and a cough - all symptoms of COPD. I was home from work on a doctor‚Äôs note for four days and on the 5th day I went back to work. Being in medicine, we have to answer a series of health questions daily to screen for symptoms. I couldn‚Äôt answer yes, as needed, so I spoke with the infection prevention nurse who put me on quarantine based on my symptoms. I then went to a drugstore and got the PCR, which is a more in-depth Covid test. I got notification the next day I was positive for Covid. I have been on quarantine for 10 days and my first day back to work is tomorrow. I have a desk job so I will be able to manage my ongoing shortness of breath which may not resolve for a few months. The vaccine kept the virus from being devastating to my health. It‚Äôs worth getting it.",2
hi1v56m,carsaustralia,1635206094,"Are you happy with the amount that you received? That's really all that matters. I sold my 2011 Ford Falcon FG Ute with 170,000kms for $8500. The bloke who bought it re-listed it on CarSales for $14,500. He readjusted the price over the course of 4 months during lockdown and eventually sold it for $12,000. 

Personally I was originally wanting $10,000 for it but I didn't want to deal with three things: 1) Organising test drives with random people during covid. 2) Having a second vehicle taking up driveway space. 3) Paying for mechanical fixes to comply with RWC (approx. $2500 worth of repairs). 

I already bought my new car and for 8\~ months the second ute was just sitting there. On CarSales the same year/model ute is now listed for as little as $9,000 and as much as $16,000.

I'll be honest and say that I was a tad disappointed with myself when I saw the relisting price of $14,500. I kept repeating in my head I could have negotiated harder for an extra k or two but in hind sight the deal was what I wanted: no hassle, no haggle. The bloke turned up to my place on an agreed date to test drive it (he's an authorised second hand dealer so I wasn't concerned about him stealing it), test drove it for 5 minutes and immediately transferred the money into my account. 

If I had gone the private selling route, who knows, the car would more than likely still be collecting dust on the driveway....",1
